cod_carr;cod_plan;nivel;cod_asig;nom_asig
132;2017-1;1;201;Química General
132;2017-1;1;202;Química Inorgánica
132;2017-1;1;203;Química Orgánica
132;2017-1;1;204;Termodinámica Química
132;2017-1;1;205;Cinética Química
132;2017-1;2;206;Fisicoquímica
132;2017-1;2;207;Química Analítica
132;2017-1;2;208;Análisis Instrumental
132;2017-1;2;209;Química Cuántica
132;2017-1;2;210;Mecánica Cuántica
132;2017-1;2;211;Matemáticas para la Ingeniería
132;2017-1;3;212;Álgebra Lineal
132;2017-1;3;213;Cálculo Diferencial e Integral
132;2017-1;3;214;Ecuaciones Diferenciales
132;2017-1;3;215;Estadística y Probabilidad
132;2017-1;3;216;Termodinámica de Procesos
132;2017-1;3;217;Fenómenos de Transporte
132;2017-1;4;218;Operaciones Unitarias
132;2017-1;4;219;Balance de Materia y Energía
132;2017-1;4;220;Termodinámica Aplicada
132;2017-1;4;221;Transferencia de Calor
132;2017-1;4;222;Transferencia de Masa
132;2017-1;4;223;Ingeniería de Reactores Químicos
132;2017-1;5;224;Diseño de Reactores
132;2017-1;5;225;Ingeniería de Separaciones
132;2017-1;5;226;Destilación
132;2017-1;5;227;Extracción Líquido-Líquido
132;2017-1;5;228;Adsorción
132;2017-1;5;229;Cromatografía
132;2017-1;6;230;Filtración
132;2017-1;6;231;Secado
132;2017-1;6;232;Cinética de Procesos
132;2017-1;6;233;Ingeniería de Control de Procesos
132;2017-1;6;234;Simulación de Procesos
132;2017-1;6;235;Diseño de Plantas Químicas
132;2017-1;7;236;Ingeniería de Seguridad en Procesos
132;2017-1;7;237;Química Ambiental
132;2017-1;7;238;Tratamiento de Aguas Residuales
132;2017-1;7;239;Gestión de Residuos Químicos
132;2017-1;7;240;Ingeniería de Materiales
132;2017-1;7;241;Polímeros y Plásticos
132;2017-1;8;242;Metalurgia Extractiva
132;2017-1;8;243;Corrosión
132;2017-1;8;244;Análisis de Peligros y Puntos Críticos de Control (HACCP)
132;2017-1;8;245;Ingeniería Farmacéutica
132;2017-1;8;246;Biotecnología
132;2017-1;8;247;Procesos de Producción de Alimentos
132;2017-1;9;248;Ingeniería de Energía
132;2017-1;9;249;Energías Renovables
132;2017-1;9;250;Ingeniería Nuclear
132;2017-1;9;251;Ingeniería de Petróleo y Gas
132;2017-1;9;252;Ingeniería de Procesos en la Industria Química
132;2017-1;10;253;Economía y Gestión de Proyectos
132;2017-1;10;254;Ética Profesional en Ingeniería Química
132;2017-1;10;255;Investigación en Ingeniería Química
132;2017-1;10;256;Práctica Industrial
132;2017-1;10;257;Seminario de Ingeniería Química
132;2017-1;11;258;Proyecto de Tesis o Trabajo de Grado
133;2014-2;1;301;Biología Celular
133;2014-2;1;302;Biología Molecular
133;2014-2;1;303;Anatomía y Fisiología Humana
133;2014-2;1;304;Química General
133;2014-2;1;305;Química Orgánica
133;2014-2;2;306;Matemáticas para la Ingeniería
133;2014-2;2;307;Cálculo Diferencial e Integral
133;2014-2;2;308;Álgebra Lineal
133;2014-2;2;309;Física para la Ingeniería
133;2014-2;2;310;Termodinámica
133;2014-2;2;311;Mecánica de Fluidos
133;2014-2;3;312;Circuitos Eléctricos
133;2014-2;3;313;Electrónica Básica
133;2014-2;3;314;Bioquímica
133;2014-2;3;315;Biomateriales
133;2014-2;3;316;Bioinstrumentación
133;2014-2;3;317;Procesamiento de Señales Biomédicas
133;2014-2;4;318;Imágenes Médicas
133;2014-2;4;319;Microbiología
133;2014-2;4;320;Genética
133;2014-2;4;321;Estadísticas en Biomedicina
133;2014-2;4;322;Análisis de Datos Biomédicos
133;2014-2;4;323;Ética en Ingeniería Biomédica
133;2014-2;5;324;Biomecánica
133;2014-2;5;325;Control de Sistemas Biológicos
133;2014-2;5;326;Electromagnetismo Aplicado a la Medicina
133;2014-2;5;327;Biomédica Óptica
133;2014-2;5;328;Ingeniería Clínica
133;2014-2;5;329;Diseño de Dispositivos Médicos
133;2014-2;6;330;Instrumentación Biomédica Avanzada
133;2014-2;6;331;Modelado de Sistemas Biológicos
133;2014-2;6;332;Ingeniería Tisular
133;2014-2;6;333;Ingeniería Genética
133;2014-2;6;334;Nanotecnología en Biomedicina
133;2014-2;6;335;Robótica Médica
133;2014-2;7;336;Telemedicina
133;2014-2;7;337;Rehabilitación Biomédica
133;2014-2;7;338;Fisiología de Sistemas
133;2014-2;7;339;Ingeniería de Control de Sistemas Médicos
133;2014-2;7;340;Terapia Física y Rehabilitación
133;2014-2;7;341;Diagnóstico por Imagen
133;2014-2;8;342;Ingeniería de Radioterapia
133;2014-2;8;343;Ingeniería Biomédica en Cardiología
133;2014-2;8;344;Ingeniería Biomédica en Neurociencia
133;2014-2;8;345;Ingeniería Biomédica en Ortopedia
133;2014-2;8;346;Ingeniería Biomédica en Dermatología
133;2014-2;8;347;Ingeniería Biomédica en Oftalmología
133;2014-2;9;348;Ingeniería Biomédica en Ginecología y Obstetricia
133;2014-2;9;349;Ingeniería Biomédica en Urología
133;2014-2;9;350;Ingeniería Biomédica en Cirugía
133;2014-2;9;351;Ingeniería Biomédica en Endocrinología
133;2014-2;9;352;Ingeniería Biomédica en Gastroenterología
133;2014-2;10;353;Ingeniería Biomédica en Oncología
133;2014-2;10;354;Ingeniería Biomédica en Medicina Deportiva
133;2014-2;10;355;Economía de la Salud
133;2014-2;10;356;Gestión de Proyectos en Ingeniería Biomédica
133;2014-2;10;357;Investigación en Ingeniería Biomédica
133;2014-2;11;358;Proyecto de Tesis en Ingeniería Biomédica
134;2010-3;1;401;Circuitos Eléctricos
134;2010-3;1;402;Electromagnetismo
134;2010-3;1;403;Electrónica Básica
134;2010-3;1;404;Matemáticas para la Ingeniería
134;2010-3;1;405;Cálculo Diferencial e Integral
134;2010-3;2;406;Álgebra Lineal
134;2010-3;2;407;Física para la Ingeniería
134;2010-3;2;408;Termodinámica
134;2010-3;2;409;Máquinas Eléctricas
134;2010-3;2;410;Sistemas de Energía Eléctrica
134;2010-3;2;411;Generación y Distribución de Energía
134;2010-3;3;412;Control de Sistemas Eléctricos
134;2010-3;3;413;Electrónica de Potencia
134;2010-3;3;414;Microelectrónica
134;2010-3;3;415;Electrónica Digital
134;2010-3;3;416;Comunicaciones Eléctricas
134;2010-3;3;417;Señales y Sistemas
134;2010-3;4;418;Electrónica Analógica
134;2010-3;4;419;Electrónica de Radiofrecuencia (RF)
134;2010-3;4;420;Mecánica Aplicada
134;2010-3;4;421;Termodinámica Aplicada a Sistemas Eléctricos
134;2010-3;4;422;Dispositivos Semiconductores
134;2010-3;4;423;Convertidores de Energía
134;2010-3;5;424;Teoría de Control
134;2010-3;5;425;Sistemas Embebidos
134;2010-3;5;426;Automatización Industrial
134;2010-3;5;427;Diseño de Circuitos Impresos
134;2010-3;5;428;Instrumentación y Medición
134;2010-3;5;429;Microcontroladores
134;2010-3;6;430;Electrónica de Alta Frecuencia
134;2010-3;6;431;Sistemas de Comunicación Inalámbrica
134;2010-3;6;432;Electrónica de Potencia Avanzada
134;2010-3;6;433;Sistemas de Control Industrial
134;2010-3;6;434;Robótica
134;2010-3;6;435;Diseño de Circuitos Integrados
134;2010-3;7;436;Sistemas de Energía Renovable
134;2010-3;7;437;Protección de Sistemas Eléctricos
134;2010-3;7;438;Energía Eléctrica y Medio Ambiente
134;2010-3;7;439;Sistemas de Transmisión de Datos
134;2010-3;7;440;Sistemas de Control Digital
134;2010-3;7;441;Sistemas de Control de Procesos
134;2010-3;8;442;Automatización y Control de Edificios
134;2010-3;8;443;Electrónica Industrial
134;2010-3;8;444;Diseño de Sistemas Electrónicos
134;2010-3;8;445;Electrónica de Potencia Industrial
134;2010-3;8;446;Gestión de Proyectos de Ingeniería Eléctrica
134;2010-3;8;447;Ética en Ingeniería Eléctrica
134;2010-3;9;448;Electromagnetismo Aplicado
134;2010-3;9;449;Análisis de Circuitos de Alta Frecuencia
134;2010-3;9;450;Sistemas de Comunicación por Fibra Óptica
134;2010-3;9;451;Sistemas de Energía Inteligente
134;2010-3;9;452;Sistemas de Energía Nuclear
134;2010-3;10;453;Generación Distribuida
134;2010-3;10;454;Energías Renovables y Sostenibilidad
134;2010-3;10;455;Diseño de Sistemas de Transmisión y Distribución
134;2010-3;10;456;Ingeniería Eléctrica en Telecomunicaciones
134;2010-3;10;457;Redes Eléctricas Inteligentes
134;2010-3;11;458;Proyecto de Tesis en Ingeniería Eléctrica
135;2015-1;1;501;Circuitos Electrónicos Básicos
135;2015-1;1;502;Electromagnetismo
135;2015-1;1;503;Matemáticas para la Ingeniería
135;2015-1;1;504;Cálculo Diferencial e Integral
135;2015-1;1;505;Álgebra Lineal
135;2015-1;2;506;Física para la Ingeniería
135;2015-1;2;507;Electrónica Analógica
135;2015-1;2;508;Electrónica Digital
135;2015-1;2;509;Circuitos Integrados
135;2015-1;2;510;Microelectrónica
135;2015-1;2;511;Señales y Sistemas
135;2015-1;3;512;Comunicaciones Electrónicas
135;2015-1;3;513;Teoría de Control
135;2015-1;3;514;Electrónica de Potencia
135;2015-1;3;515;Instrumentación Electrónica
135;2015-1;3;516;Electrónica Industrial
135;2015-1;3;517;Procesamiento de Señales
135;2015-1;4;518;Diseño de Circuitos Electrónicos
135;2015-1;4;519;Circuitos de Radiofrecuencia
135;2015-1;4;520;Electrónica Digital Avanzada
135;2015-1;4;521;Dispositivos Semiconductores
135;2015-1;4;522;Electrónica de Potencia Avanzada
135;2015-1;4;523;Microcontroladores
135;2015-1;5;524;Sistemas Embebidos
135;2015-1;5;525;Diseño de Circuitos Integrados
135;2015-1;5;526;Sistemas de Comunicación Inalámbrica
135;2015-1;5;527;Electrónica de Alta Frecuencia
135;2015-1;5;528;Comunicaciones por Fibra Óptica
135;2015-1;5;529;Robótica Electrónica
135;2015-1;6;530;Automatización y Control Industrial
135;2015-1;6;531;Sistemas de Control Digital
135;2015-1;6;532;Sistemas de Control de Procesos
135;2015-1;6;533;Sistemas de Control de Movimiento
135;2015-1;6;534;Electrónica de Audio
135;2015-1;6;535;Electrónica Médica
135;2015-1;7;536;Electrónica de Consumo
135;2015-1;7;537;Electrónica de Entretenimiento
135;2015-1;7;538;Electrónica de Aviónica
135;2015-1;7;539;Electrónica de Comunicación Satelital
135;2015-1;7;540;Electrónica para Vehículos Autónomos
135;2015-1;7;541;Electrónica de Redes de Sensores
135;2015-1;8;542;Diseño de Sistemas Electrónicos
135;2015-1;8;543;Electrónica Industrial Avanzada
135;2015-1;8;544;Sistemas de Energía Electrónica
135;2015-1;8;545;Nanoelectrónica
135;2015-1;8;546;Ética en Ingeniería Electrónica
135;2015-1;8;547;Gestión de Proyectos de Ingeniería Electrónica
135;2015-1;9;548;Pruebas y Diagnóstico de Circuitos Electrónicos
135;2015-1;9;549;Electromagnetismo Aplicado
135;2015-1;9;550;Control de Calidad en Electrónica
135;2015-1;9;551;Electrónica de Potencia Industrial
135;2015-1;9;552;Dispositivos Optoelectrónicos
135;2015-1;10;553;Electrónica Cuántica
135;2015-1;10;554;Diseño de Sistemas de Comunicación
135;2015-1;10;555;Electrónica de Baja Potencia
135;2015-1;10;556;Electrónica Flexible y Impresa
135;2015-1;10;557;Electrónica Sostenible y Ecoeficiente
135;2015-1;11;558;Proyecto de Tesis en Ingeniería Electrónica
136;2018-2;1;601;Introducción a la Ingeniería Industrial
136;2018-2;1;602;Estadísticas y Probabilidad
136;2018-2;1;603;Cálculo Diferencial e Integral
136;2018-2;1;604;Álgebra Lineal
136;2018-2;1;605;Física para Ingenieros
136;2018-2;2;606;Química General
136;2018-2;2;607;Termodinámica
136;2018-2;2;608;Economía para Ingeniería
136;2018-2;2;609;Métodos Cuantitativos para la Toma de Decisiones
136;2018-2;2;610;Investigación de Operaciones
136;2018-2;2;611;Sistemas de Producción
136;2018-2;3;612;Diseño y Mejora de Procesos
136;2018-2;3;613;Control de Calidad
136;2018-2;3;614;Gestión de la Calidad Total
136;2018-2;3;615;Ingeniería de Métodos
136;2018-2;3;616;Ergonomía y Diseño de Estaciones de Trabajo
136;2018-2;3;617;Gestión de la Cadena de Suministro
136;2018-2;4;618;Logística y Distribución
136;2018-2;4;619;Simulación de Procesos
136;2018-2;4;620;Planificación y Programación de la Producción
136;2018-2;4;621;Análisis de Riesgos
136;2018-2;4;622;Estudio de Tiempos y Movimientos
136;2018-2;4;623;Lean Manufacturing
136;2018-2;5;624;Six Sigma
136;2018-2;5;625;Mantenimiento Industrial
136;2018-2;5;626;Gestión de Proyectos
136;2018-2;5;627;Gestión de Inventarios
136;2018-2;5;628;Análisis Financiero
136;2018-2;5;629;Ingeniería de Costos
136;2018-2;6;630;Diseño de Experimentos
136;2018-2;6;631;Modelado y Simulación de Sistemas
136;2018-2;6;632;Ingeniería de Calidad
136;2018-2;6;633;Ingeniería de Fiabilidad
136;2018-2;6;634;Automatización Industrial
136;2018-2;6;635;Control Automático
136;2018-2;7;636;Gestión de la Innovación
136;2018-2;7;637;Gestión de la Tecnología
136;2018-2;7;638;Ingeniería Ambiental
136;2018-2;7;639;Ingeniería de Seguridad Industrial
136;2018-2;7;640;Gestión de Recursos Humanos
136;2018-2;7;641;Ética y Responsabilidad Social en Ingeniería Industrial
136;2018-2;8;642;Legislación Laboral y Ambiental
136;2018-2;8;643;Ingeniería Económica
136;2018-2;8;644;Gestión de Procesos de Negocios (BPM)
136;2018-2;8;645;Optimización de la Cadena de Suministro
136;2018-2;8;646;Análisis de Decisiones
136;2018-2;8;647;Sistemas de Información Empresarial
136;2018-2;9;648;Diseño de Almacenes y Centros de Distribución
136;2018-2;9;649;Procesamiento de Datos en Tiempo Real
136;2018-2;9;650;Gestión de la Innovación Tecnológica
136;2018-2;9;651;Gestión de la Calidad en Servicios
136;2018-2;9;652;Ingeniería Industrial en el Sector de la Salud
136;2018-2;10;653;Ingeniería Industrial en el Sector de la Energía
136;2018-2;10;654;Ingeniería Industrial en el Sector de la Manufactura
136;2018-2;10;655;Ingeniería Industrial en el Sector de Servicios
136;2018-2;10;656;Ingeniería Industrial en el Sector de la Logística
136;2018-2;10;657;Gestión de la Producción
136;2018-2;11;658;Proyecto de Tesis en Ingeniería Industrial
137;2013-4;1;701;Introducción a la Programación
137;2013-4;1;702;Estructuras de Datos
137;2013-4;1;703;Algoritmos y Complejidad
137;2013-4;1;704;Matemáticas Discretas
137;2013-4;1;705;Fundamentos de Ingeniería de Software
137;2013-4;2;706;Programación Orientada a Objetos
137;2013-4;2;707;Diseño de Software
137;2013-4;2;708;Ingeniería de Requisitos
137;2013-4;2;709;Gestión de Proyectos de Software
137;2013-4;2;710;Calidad de Software
137;2013-4;2;711;Pruebas de Software
137;2013-4;3;712;Arquitectura de Software
137;2013-4;3;713;Desarrollo Ágil de Software
137;2013-4;3;714;Desarrollo de Aplicaciones Web
137;2013-4;3;715;Desarrollo de Aplicaciones Móviles
137;2013-4;3;716;Diseño de Interfaces de Usuario
137;2013-4;3;717;Ingeniería de Software Empresarial
137;2013-4;4;718;Sistemas Distribuidos
137;2013-4;4;719;Computación en la Nube
137;2013-4;4;720;Big Data
137;2013-4;4;721;Minería de Datos
137;2013-4;4;722;Inteligencia Artificial
137;2013-4;4;723;Aprendizaje Automático
137;2013-4;5;724;Procesamiento de Lenguaje Natural
137;2013-4;5;725;Robótica de Software
137;2013-4;5;726;Desarrollo de Videojuegos
137;2013-4;5;727;Seguridad de Software
137;2013-4;5;728;Criptografía
137;2013-4;5;729;Ética en la Ingeniería de Software
137;2013-4;6;730;Ingeniería de Software Orientada a Servicios (SOA)
137;2013-4;6;731;DevOps y Continuous Integration/Continuous Deployment (CI/CD)
137;2013-4;6;732;Gestión de Configuración de Software
137;2013-4;6;733;Modelado y Simulación
137;2013-4;6;734;Análisis de Rendimiento de Software
137;2013-4;6;735;Desarrollo de Software para Dispositivos Embebidos
137;2013-4;7;736;Sistemas de Tiempo Real
137;2013-4;7;737;Ingeniería de Software Basada en Componentes
137;2013-4;7;738;Metodologías de Desarrollo de Software
137;2013-4;7;739;Ingeniería de Software Experimental
137;2013-4;7;740;Automatización de Pruebas
137;2013-4;7;741;Ingeniería de Software para Sistemas Críticos
137;2013-4;8;742;Desarrollo de Software Multiplataforma
137;2013-4;8;743;Control de Versiones y Git
137;2013-4;8;744;Administración de Proyectos de TI
137;2013-4;8;745;Técnicas de Documentación de Software
137;2013-4;8;746;Ingeniería de Software para Aplicaciones Empresariales
137;2013-4;8;747;Análisis y Diseño de Bases de Datos
137;2013-4;9;748;Desarrollo de Aplicaciones de Realidad Virtual y Aumentada
137;2013-4;9;749;Desarrollo de Aplicaciones de Internet de las Cosas (IoT)
137;2013-4;9;750;Diseño de Sistemas de Información
137;2013-4;9;751;Interacción Humano-Computadora
137;2013-4;9;752;Desarrollo de Aplicaciones Basadas en Blockchain
137;2013-4;10;753;Prácticas de Desarrollo Seguro (DevSecOps)
137;2013-4;10;754;Gobernanza de TI
137;2013-4;10;755;Ética y Responsabilidad Profesional en Ingeniería de Software
137;2013-4;10;756;Desarrollo de Software para Dispositivos Móviles Avanzados (Wearable Tech)
137;2013-4;10;757;Proyecto de Ingeniería de Software
137;2013-4;11;758;Trabajo de Titulacion
138;2015-6;1;801;Introducción a la Ingeniería Mecánica
138;2015-6;1;802;Matemáticas para la Ingeniería
138;2015-6;1;803;Cálculo Diferencial e Integral
138;2015-6;1;804;Álgebra Lineal
138;2015-6;1;805;Física para Ingenieros
138;2015-6;2;806;Mecánica Clásica
138;2015-6;2;807;Termodinámica
138;2015-6;2;808;Mecánica de Fluidos
138;2015-6;2;809;Transferencia de Calor
138;2015-6;2;810;Mecánica de Materiales
138;2015-6;2;811;Análisis de Vibraciones
138;2015-6;3;812;Elementos de Máquinas
138;2015-6;3;813;Ingeniería de Control
138;2015-6;3;814;Diseño de Máquinas
138;2015-6;3;815;Dinámica de Sistemas Mecánicos
138;2015-6;3;816;Diseño Mecánico Asistido por Computadora (CAD)
138;2015-6;3;817;Fabricación y Procesos de Producción
138;2015-6;4;818;Soldadura y Uniones Mecánicas
138;2015-6;4;819;Ingeniería de Mantenimiento
138;2015-6;4;820;Metrología y Control de Calidad
138;2015-6;4;821;Tribología
138;2015-6;4;822;Ingeniería de Plantas
138;2015-6;4;823;Máquinas Térmicas
138;2015-6;5;824;Ingeniería de Energía
138;2015-6;5;825;Elementos Finitos
138;2015-6;5;826;Ingeniería de Refrigeración y Aire Acondicionado
138;2015-6;5;827;Diseño Asistido por Computadora (CAE)
138;2015-6;5;828;Automatización Industrial
138;2015-6;5;829;Robótica Industrial
138;2015-6;6;830;Ingeniería de Control de Procesos
138;2015-6;6;831;Máquinas Herramienta
138;2015-6;6;832;Sistemas de Transmisión Mecánica
138;2015-6;6;833;Mecatrónica
138;2015-6;6;834;Ingeniería de Proyectos
138;2015-6;6;835;Toma de Decisiones en Ingeniería Mecánica
138;2015-6;7;836;Ingeniería Ambiental y Sostenibilidad
138;2015-6;7;837;Ingeniería de Sistemas Térmicos
138;2015-6;7;838;Ingeniería de Sistemas de Fluidos
138;2015-6;7;839;Ingeniería de Sistemas Estructurales
138;2015-6;7;840;Ingeniería de Sistemas Mecánicos y Electromecánicos
138;2015-6;7;841;Diseño de Experimentos en Ingeniería Mecánica
138;2015-6;8;842;Ingeniería de Soldadura
138;2015-6;8;843;Diseño de Elementos de Máquinas Avanzado
138;2015-6;8;844;Ingeniería de Procesos de Fabricación
138;2015-6;8;845;Análisis de Fallas y Fractura
138;2015-6;8;846;Ingeniería de Control de Calidad
138;2015-6;8;847;Gestión de Proyectos de Ingeniería Mecánica
138;2015-6;9;848;Ética en Ingeniería Mecánica
138;2015-6;9;849;Ingeniería de Sistemas de Automoción
138;2015-6;9;850;Ingeniería de Sistemas Aeroespaciales
138;2015-6;9;851;Ingeniería de Sistemas Marítimos
138;2015-6;9;852;Ingeniería de Sistemas Ferroviarios
138;2015-6;10;853;Ingeniería de Sistemas de Energía Renovable
138;2015-6;10;854;Ingeniería de Sistemas de Transporte Público
138;2015-6;10;855;Ingeniería de Sistemas de Manufactura
138;2015-6;10;856;Ingeniería de Sistemas de Biomecánica
138;2015-6;10;857;Ingeniería de Sistemas de Energía Nuclear
138;2015-6;11;858;Proyecto de Tesis en Ingeniería Mecánica
139;2019-3;1;901;Introducción a la Ingeniería Metalúrgica
139;2019-3;1;902;Química General
139;2019-3;1;903;Termodinámica Química
139;2019-3;1;904;Cinética Química
139;2019-3;1;905;Matemáticas para la Ingeniería
139;2019-3;2;906;Cálculo Diferencial e Integral
139;2019-3;2;907;Álgebra Lineal
139;2019-3;2;908;Física para la Ingeniería
139;2019-3;2;909;Mecánica de Fluidos
139;2019-3;2;910;Resistencia de Materiales
139;2019-3;2;911;Mecánica de Materiales
139;2019-3;3;912;Procesos de Transformación de Metales
139;2019-3;3;913;Fundamentos de Metalurgia
139;2019-3;3;914;Metalurgia Extractiva
139;2019-3;3;915;Metalurgia Física
139;2019-3;3;916;Metalurgia Química
139;2019-3;3;917;Fundición
139;2019-3;4;918;Refinación de Metales
139;2019-3;4;919;Tratamientos Térmicos
139;2019-3;4;920;Conformado de Materiales Metálicos
139;2019-3;4;921;Soldadura y Unión de Metales
139;2019-3;4;922;Ensayos No Destructivos
139;2019-3;4;923;Metalografía
139;2019-3;5;924;Procesamiento de Minerales
139;2019-3;5;925;Hidrometalurgia
139;2019-3;5;926;Pirometalurgia
139;2019-3;5;927;Electroquímica y Electrometalurgia
139;2019-3;5;928;Metalurgia de Polvos
139;2019-3;5;929;Materiales Compuestos
139;2019-3;6;930;Materiales para Alta Temperatura
139;2019-3;6;931;Materiales Magnéticos
139;2019-3;6;932;Materiales Cerámicos
139;2019-3;6;933;Materiales Poliméricos
139;2019-3;6;934;Tecnología de Materiales Avanzados
139;2019-3;6;935;Diseño de Experimentos en Metalurgia
139;2019-3;7;936;Procesos de Reciclaje de Metales
139;2019-3;7;937;Modelado y Simulación en Metalurgia
139;2019-3;7;938;Automatización en Procesos Metalúrgicos
139;2019-3;7;939;Control de Procesos en Metalurgia
139;2019-3;7;940;Gestión Ambiental en Metalurgia
139;2019-3;7;941;Gestión de la Calidad en la Industria Metalúrgica
139;2019-3;8;942;Normativas y Regulaciones en Metalurgia
139;2019-3;8;943;Ética en Ingeniería Metalúrgica
139;2019-3;8;944;Economía y Gestión de Proyectos en Metalurgia
139;2019-3;8;945;Investigación en Ingeniería Metalúrgica
139;2019-3;8;946;Pruebas de Caracterización de Materiales
139;2019-3;8;947;Ingeniería de Soldadura Avanzada
139;2019-3;9;948;Metalurgia en la Industria Automotriz
139;2019-3;9;949;Metalurgia en la Industria Aeroespacial
139;2019-3;9;950;Metalurgia en la Industria Energética
139;2019-3;9;951;Metalurgia en la Industria de la Construcción
139;2019-3;9;952;Metalurgia en la Industria Química
139;2019-3;10;953;Metalurgia en la Industria Electrónica
139;2019-3;10;954;Metalurgia en la Industria Médica
139;2019-3;10;955;Metalurgia en la Industria de la Alimentación
139;2019-3;10;956;Metalurgia en la Industria del Petróleo y Gas
139;2019-3;10;957;Metalurgia en la Industria Minera
139;2019-3;11;958;Proyecto de Tesis en Ingeniería Metalúrgica
140;2011-5;1;1001;Introducción a la Ingeniería de Minas
140;2011-5;1;1002;Geología General
140;2011-5;1;1003;Geología Aplicada a la Minería
140;2011-5;1;1004;Topografía y Cartografía
140;2011-5;1;1005;Matemáticas para Ingeniería
140;2011-5;2;1006;Cálculo Diferencial e Integral
140;2011-5;2;1007;Álgebra Lineal
140;2011-5;2;1008;Física para Ingenieros
140;2011-5;2;1009;Química General
140;2011-5;2;1010;Termodinámica
140;2011-5;2;1011;Mecánica de Rocas
140;2011-5;3;1012;Geomecánica de Minas
140;2011-5;3;1013;Geofísica Aplicada
140;2011-5;3;1014;Mineralogía
140;2011-5;3;1015;Petrología
140;2011-5;3;1016;Procesos Geológicos
140;2011-5;3;1017;Procesos de Exploración Minera
140;2011-5;4;1018;Perforación y Voladura
140;2011-5;4;1019;Muestreo y Preparación de Muestras
140;2011-5;4;1020;Métodos de Explotación de Minas
140;2011-5;4;1021;Planificación Minera
140;2011-5;4;1022;Ventilación y Control de Ambientes Subterráneos
140;2011-5;4;1023;Hidrogeología
140;2011-5;5;1024;Gestión de Aguas en Minería
140;2011-5;5;1025;Gestión de Residuos Mineros
140;2011-5;5;1026;Ingeniería de Sistemas de Transporte de Minerales
140;2011-5;5;1027;Procesamiento de Minerales
140;2011-5;5;1028;Concentración de Minerales
140;2011-5;5;1029;Metalurgia Extractiva
140;2011-5;6;1030;Control de Calidad en Minería
140;2011-5;6;1031;Evaluación de Recursos y Reservas Minerales
140;2011-5;6;1032;Sistemas de Información Geográfica (SIG) en Minería
140;2011-5;6;1033;Toma de Decisiones en Minería
140;2011-5;6;1034;Seguridad en Minería
140;2011-5;6;1035;Normativas y Regulaciones Mineras
140;2011-5;7;1036;Ingeniería de Planificación Minera
140;2011-5;7;1037;Geotecnia en Minería
140;2011-5;7;1038;Instrumentación y Automatización en Minería
140;2011-5;7;1039;Sistemas de Transporte Vertical en Minas
140;2011-5;7;1040;Ingeniería de Socavones y Túneles
140;2011-5;7;1041;Planificación y Diseño de Minas a Cielo Abierto
140;2011-5;8;1042;Minería Subterránea
140;2011-5;8;1043;Simulación de Procesos Mineros
140;2011-5;8;1044;Evaluación Económica de Proyectos Mineros
140;2011-5;8;1045;Geología de Yacimientos Minerales
140;2011-5;8;1046;Planificación de Cierre de Minas
140;2011-5;8;1047;Ética en Ingeniería de Minas
140;2011-5;9;1048;Gestión de Proyectos Mineros
140;2011-5;9;1049;Investigación en Ingeniería de Minas
140;2011-5;9;1050;Gestión Ambiental en Minería
140;2011-5;9;1051;Mecánica de Suelos y Rocas en Minería
140;2011-5;9;1052;Minería Sostenible y Responsable
140;2011-5;10;1053;Minería en la Industria Energética
140;2011-5;10;1054;Minería en la Industria de la Construcción
140;2011-5;10;1055;Minería en la Industria Química
140;2011-5;10;1056;Minería en la Industria Metalúrgica
140;2011-5;10;1057;Minería en la Industria de la Energía Renovable
140;2011-5;11;1058;Proyecto de Tesis en Ingeniería de Minas
141;2014-2;1;1101;Introducción a la Ingeniería Forestal
141;2014-2;1;1102;Biología Forestal
141;2014-2;1;1103;Botánica Forestal
141;2014-2;1;1104;Ecología Forestal
141;2014-2;1;1105;Silvicultura General
141;2014-2;2;1106;Silvicultura de Especies Nativas
141;2014-2;2;1107;Silvicultura de Especies Exóticas
141;2014-2;2;1108;Dendrología
141;2014-2;2;1109;Topografía y Cartografía Forestal
141;2014-2;2;1110;Manejo de Bosques Naturales
141;2014-2;2;1111;Planificación Forestal
141;2014-2;3;1112;Genética Forestal
141;2014-2;3;1113;Suelos Forestales
141;2014-2;3;1114;Hidrología Forestal
141;2014-2;3;1115;Manejo de Vida Silvestre
141;2014-2;3;1116;Agroforestería
141;2014-2;3;1117;Tecnología de la Madera
141;2014-2;4;1118;Industria Forestal
141;2014-2;4;1119;Economía Forestal
141;2014-2;4;1120;Manejo de Incendios Forestales
141;2014-2;4;1121;Restauración Ecológica de Bosques
141;2014-2;4;1122;Conservación de Bosques y Biodiversidad
141;2014-2;4;1123;Sistemas de Información Geográfica (SIG) en Ingeniería Forestal
141;2014-2;5;1124;Tala Racional y Legal de Bosques
141;2014-2;5;1125;Evaluación de Impacto Ambiental en Ingeniería Forestal
141;2014-2;5;1126;Ordenación de Montes
141;2014-2;5;1127;Manejo de Cuencas Hidrográficas
141;2014-2;5;1128;Manejo de Áreas Protegidas
141;2014-2;5;1129;Planificación y Diseño de Plantaciones Forestales
141;2014-2;6;1130;Técnicas de Reforestación
141;2014-2;6;1131;Silvicultura Urbana
141;2014-2;6;1132;Manejo de Bosques Comunitarios
141;2014-2;6;1133;Manejo de Bosques Tropicales
141;2014-2;6;1134;Manejo de Bosques de Montaña
141;2014-2;6;1135;Manejo de Bosques Costeros
141;2014-2;7;1136;Manejo de Bosques de Tierras Bajas
141;2014-2;7;1137;Planificación y Evaluación de Proyectos Forestales
141;2014-2;7;1138;Legislación Forestal y Ambiental
141;2014-2;7;1139;Ética en Ingeniería Forestal
141;2014-2;7;1140;Economía y Gestión de Proyectos en Ingeniería Forestal
141;2014-2;7;1141;Manejo de Maderas Tropicales
141;2014-2;8;1142;Manejo de Maderas Blandas
141;2014-2;8;1143;Manejo de Maderas Duras
141;2014-2;8;1144;Técnicas de Aserrío
141;2014-2;8;1145;Transformación de la Madera
141;2014-2;8;1146;Comercialización de Productos Forestales
141;2014-2;8;1147;Gestión de Viveros Forestales
141;2014-2;9;1148;Manejo Integrado de Plagas y Enfermedades Forestales
141;2014-2;9;1149;Producción de Semillas y Plantas Forestales
141;2014-2;9;1150;Manejo de Fauna Silvestre en Bosques
141;2014-2;9;1151;Investigación en Ingeniería Forestal
141;2014-2;9;1152;Educación Ambiental y Comunitaria en Bosques
141;2014-2;10;1153;Manejo de Bosques en Zonas Áridas
141;2014-2;10;1154;Manejo de Bosques en Zonas Subárticas
141;2014-2;10;1155;Manejo de Bosques en Zonas Subantárticas
141;2014-2;10;1156;Manejo de Bosques en Zonas Templadas
141;2014-2;10;1157;Manejo de Bosques en Zonas Tropicales Húmedas
141;2014-2;11;1158;Proyecto de Tesis en Ingeniería Forestal
142;2017-3;1;1201;Introducción a la Ingeniería Civil
142;2017-3;1;1202;Matemáticas para la Ingeniería
142;2017-3;1;1203;Cálculo Diferencial e Integral
142;2017-3;1;1204;Álgebra Lineal
142;2017-3;1;1205;Física para Ingenieros
142;2017-3;2;1206;Química General
142;2017-3;2;1207;Mecánica Clásica
142;2017-3;2;1208;Mecánica de Fluidos
142;2017-3;2;1209;Resistencia de Materiales
142;2017-3;2;1210;Geología Aplicada a la Ingeniería
142;2017-3;2;1211;Topografía y Cartografía
142;2017-3;3;1212;Mecánica de Suelos
142;2017-3;3;1213;Fundamentos de Estructuras
142;2017-3;3;1214;Diseño de Estructuras
142;2017-3;3;1215;Ingeniería de Tráfico
142;2017-3;3;1216;Ingeniería Hidráulica
142;2017-3;3;1217;Ingeniería de Transporte
142;2017-3;4;1218;Sistemas de Transporte Urbano
142;2017-3;4;1219;Planificación Urbana
142;2017-3;4;1220;Construcción de Obras Civiles
142;2017-3;4;1221;Economía de la Construcción
142;2017-3;4;1222;Gestión de Proyectos de Ingeniería Civil
142;2017-3;4;1223;Ética en Ingeniería Civil
142;2017-3;5;1224;Normativas y Regulaciones en Ingeniería Civil
142;2017-3;5;1225;Tecnología del Hormigón
142;2017-3;5;1226;Ingeniería de Pavimentos
142;2017-3;5;1227;Ingeniería Geotécnica
142;2017-3;5;1228;Ingeniería de Puentes
142;2017-3;5;1229;Ingeniería de Túneles
142;2017-3;6;1230;Ingeniería Sísmica
142;2017-3;6;1231;Hidrología e Hidráulica
142;2017-3;6;1232;Diseño de Obras Hidráulicas
142;2017-3;6;1233;Ingeniería de Ríos y Cuencas
142;2017-3;6;1234;Ingeniería de Costas
142;2017-3;6;1235;Geotecnia Avanzada
142;2017-3;7;1236;Estructuras de Acero
142;2017-3;7;1237;Estructuras de Concreto
142;2017-3;7;1238;Estructuras de Madera
142;2017-3;7;1239;Estructuras Metálicas
142;2017-3;7;1240;Estructuras Prefabricadas
142;2017-3;7;1241;Sistemas de Información Geográfica (SIG) en Ingeniería Civil
142;2017-3;8;1242;Modelado y Simulación en Ingeniería Civil
142;2017-3;8;1243;Mecánica de Suelos Avanzada
142;2017-3;8;1244;Pavimentos de Carreteras
142;2017-3;8;1245;Ingeniería de Tráfico Avanzada
142;2017-3;8;1246;Ingeniería de Ferrocarriles
142;2017-3;8;1247;Ingeniería de Aeropuertos
142;2017-3;9;1248;Ingeniería Portuaria
142;2017-3;9;1249;Gestión de Recursos Hídricos
142;2017-3;9;1250;Ingeniería de Construcción Sostenible
142;2017-3;9;1251;Ingeniería de Estructuras de Concreto Armado
142;2017-3;9;1252;Ingeniería de Estructuras de Acero Avanzada
142;2017-3;10;1253;Ingeniería de Túneles y Excavaciones Subterráneas
142;2017-3;10;1254;Proyecto de Tesis en Ingeniería Civil
142;2017-3;10;1255;Ingeniería de Transporte de Carga
142;2017-3;10;1256;Ingeniería de Transporte Público
142;2017-3;10;1257;Ingeniería de Redes de Agua y Alcantarillado
142;2017-3;11;1258;Proyecto de Tesis en Ingeniería Obras Civiles
